No;Yükselen;Y %;Düşen;D %;Senet;Hacim;H %; ; ; ; ; ; 
1;KONTR;10,00;BLCYT;-9,97;ASELS;13.318.382.271;;;;;;;
2;ATATR;10,00;RUBNS;-9,96;THYAO;12.800.391.692;;;;;;;
3;DMRGD;10,00;ENPRA;-9,96;SASA;11.691.849.030;;;;;;;
4;AAGYO;10,00;ZERGY;-9,95;ISCTR;9.909.951.703;;;;;;;
5;ALKLC;9,99;EFOR;-9,95;AKBNK;9.414.498.097;;;;;;;
6;MCARD;9,98;MEKAG;-8,69;EREGL;9.194.899.087;;;;;;;
7;SURGY;9,98;MOGAN;-7,83;TUPRS;8.977.611.738;;;;;;;
8;OZATD;9,97;ISKUR;-5,96;GLRMK;7.245.648.993;;;;;;;
9;SMRVA;9,97;ENSRI;-5,88;KRDMD;6.829.850.862;;;;;;;
10;GRTHO;9,96;YGGYO;-5,83;TRALT;6.162.865.938;;;;;;;
11;DOGUB;9,95;MMCAS;-4,79;YKBNK;5.400.951.854;;;;;;;
12;DGNMO;9,94;MARKA;-3,88;KCHOL;5.024.629.604;;;;;;;
13;PATEK;9,94;CEOEM;-3,80;GARAN;4.861.718.523;;;;;;;
14;KTSKR;9,93;UFUK;-3,54;SAHOL;4.438.285.133;;;;;;;
15;TMPOL;9,93;SERNT;-3,54;ASTOR;4.430.072.138;;;;;;;
16;BRKO;9,92;ULAS;-3,33;TEHOL;4.205.339.849;;;;;;;
17;CRDFA;9,92;TRCAS;-3,31;KTLEV;4.136.311.511;;;;;;;
18;BORLS;9,92;EKIZ;-3,09;BIMAS;3.535.826.326;;;;;;;
19;ANELE;9,90;HKTM;-3,02;MCARD;3.202.440.961;;;;;;;
20;ESCAR;9,63;FRIGO;-2,99;SISE;3.131.243.277;;;;;;;
21;KLMSN;9,48;CRFSA;-2,65;PGSUS;3.078.988.073;;;;;;;
22;RALYH;9,16;MERKO;-1,88;EKGYO;2.874.284.488;;;;;;;
23;KSTUR;9,02;AVTUR;-1,85;PETKM;2.828.843.956;;;;;;;
24;AEFES;8,43;SELVA;-1,77;ATATR;2.535.876.758;;;;;;;
25;MANAS;8,42;TEHOL;-1,73;AEFES;2.334.669.175;;;;;;;
26;YYLGD;8,31;BASGZ;-1,70;TCELL;2.323.898.993;;;;;;;
27;ULUFA;7,87;BAHKM;-1,65;ENKAI;2.103.075.609;;;;;;;
28;ENKAI;7,86;PEKGY;-1,65;EFOR;2.028.448.454;;;;;;;
29;DUNYH;7,85;DGATE;-1,62;MGROS;2.015.210.467;;;;;;;
30;KUVVA;7,82;KRDMD;-1,58;FROTO;1.952.218.321;;;;;;;
31;TCKRC;7,68;RYSAS;-1,54;TERA;1.904.931.974;;;;;;;
32;KAPLM;7,66;ATSYH;-1,52;PEKGY;1.812.686.590;;;;;;;
33;AYCES;7,58;ULUUN;-1,50;LXGYO;1.760.892.456;;;;;;;
34;SVGYO;7,52;ZGYO;-1,44;CVKMD;1.432.741.963;;;;;;;
35;HTTBT;7,38;AYGAZ;-1,35;TKFEN;1.401.784.185;;;;;;;
36;LILAK;7,04;MEYSU;-1,34;HALKB;1.374.461.388;;;;;;;
37;SASA;6,94;SAMAT;-1,28;GUBRF;1.349.068.230;;;;;;;
38;BRMEN;6,92;MRGYO;-1,27;DSTKF;1.324.192.014;;;;;;;
39;KGYO;6,82;BURVA;-1,26;ZERGY;1.299.428.545;;;;;;;
40;SMRTG;6,80;VRGYO;-1,21;MEYSU;1.290.307.452;;;;;;;
41;METRO;6,72;OBAMS;-1,19;TAVHL;1.255.311.735;;;;;;;
42;GEREL;6,52;ARZUM;-1,17;CANTE;1.176.447.869;;;;;;;
43;ISBTR;6,44;ATLAS;-1,17;IEYHO;1.149.895.740;;;;;;;
44;IHYAY;6,43;GUBRF;-1,17;VAKBN;1.137.176.056;;;;;;;
45;PSDTC;6,43;KENT;-1,15;PATEK;1.129.655.996;;;;;;;
46;KOPOL;6,38;ERSU;-1,11;MOGAN;1.111.838.483;;;;;;;
47;ADESE;6,32;DERHL;-1,09;CWENE;1.110.258.686;;;;;;;
48;DAGI;6,17;ENDAE;-1,07;KUYAS;1.108.914.915;;;;;;;
49;AGHOL;6,13;BYDNR;-1,06;BRSAN;1.070.968.010;;;;;;;
50;KBORU;6,09;GLRMK;-1,03;TTKOM;1.057.216.600;;;;;;;
51;EDATA;5,93;YYAPI;-0,99;ALKLC;1.011.118.255;;;;;;;
52;IMASM;5,93;MARTI;-0,98;ALARK;975.450.526;;;;;;;
53;GMTAS;5,89;AYDEM;-0,97;ULKER;968.270.880;;;;;;;
54;EGPRO;5,80;BSOKE;-0,95;ADESE;952.966.789;;;;;;;
55;ASELS;5,77;ALKA;-0,93;MARMR;932.231.508;;;;;;;
56;BALAT;5,56;YAYLA;-0,86;ENERY;870.227.422;;;;;;;
57;POLHO;5,46;SONME;-0,85;AAGYO;835.520.308;;;;;;;
58;QNBFK;5,41;SODSN;-0,83;MIATK;832.877.961;;;;;;;
59;TURGG;5,20;SKYLP;-0,83;VSNMD;826.508.064;;;;;;;
60;DYOBY;5,16;MACKO;-0,76;MEKAG;811.677.975;;;;;;;
61;TUCLK;5,12;UCAYM;-0,71;KRDMA;808.664.321;;;;;;;
62;BAKAB;5,08;GRNYO;-0,68;ANELE;791.608.902;;;;;;;
63;KRVGD;5,00;TKFEN;-0,65;MEGMT;788.716.480;;;;;;;
64;CGCAM;4,99;DOFRB;-0,64;TOASO;785.783.206;;;;;;;
65;ISMEN;4,91;GOKNR;-0,60;TRMET;782.010.767;;;;;;;
66;GIPTA;4,86;KLSYN;-0,60;ISMEN;780.922.821;;;;;;;
67;DSTKF;4,85;RYGYO;-0,59;ALVES;758.152.787;;;;;;;
68;DITAS;4,74;ODAS;-0,59;DOAS;754.516.651;;;;;;;
69;EKGYO;4,66;YIGIT;-0,59;KRDMB;726.564.722;;;;;;;
70;PKENT;4,66;ARFYE;-0,57;LILAK;726.470.264;;;;;;;
71;TLMAN;4,66;GLBMD;-0,57;AKHAN;724.205.180;;;;;;;
72;VAKKO;4,66;ALKIM;-0,54;SVGYO;712.504.609;;;;;;;
73;BIOEN;4,61;NETCD;-0,50;SKBNK;712.014.726;;;;;;;
74;SAHOL;4,56;GENTS;-0,49;KLRHO;681.802.427;;;;;;;
75;INFO;4,56;BURCE;-0,49;NETCD;667.431.349;;;;;;;
76;ALCAR;4,56;ICBCT;-0,47;RALYH;652.539.735;;;;;;;
77;DZGYO;4,53;DMSAS;-0,46;SURGY;650.405.370;;;;;;;
78;VANGD;4,52;ERCB;-0,44;ISKPL;647.577.574;;;;;;;
79;ETYAT;4,36;FONET;-0,44;GENKM;625.628.501;;;;;;;
80;LOGO;4,29;MOPAS;-0,43;ALTNY;623.333.251;;;;;;;
81;INTEK;4,27;BAGFS;-0,42;AKSEN;619.344.351;;;;;;;
82;AKHAN;4,24;BIGTK;-0,42;GUNDG;616.522.738;;;;;;;
83;MARMR;4,21;ALGYO;-0,40;DAPGM;613.337.468;;;;;;;
84;TRMET;4,17;KOCMT;-0,39;ENJSA;606.470.357;;;;;;;
85;IHAAS;4,15;PKART;-0,38;PSGYO;605.759.845;;;;;;;
86;AKBNK;4,12;OBASE;-0,37;PAHOL;604.666.352;;;;;;;
87;KTLEV;4,10;DCTTR;-0,36;DOFRB;603.662.809;;;;;;;
88;AZTEK;4,08;AKFGY;-0,36;ODAS;586.668.647;;;;;;;
89;LMKDC;3,99;SEGMN;-0,34;MAGEN;583.959.295;;;;;;;
90;EREGL;3,99;PNSUT;-0,31;ADEL;582.602.387;;;;;;;
91;SNGYO;3,89;TEKTU;-0,29;HEKTS;579.256.995;;;;;;;
92;GOZDE;3,87;IZFAS;-0,29;KTSKR;579.155.890;;;;;;;
93;SANKO;3,86;OYYAT;-0,27;QUAGR;570.368.375;;;;;;;
94;KLGYO;3,85;ELITE;-0,27;PASEU;538.650.820;;;;;;;
95;MHRGY;3,82;ORGE;-0,26;MAVI;529.094.793;;;;;;;
96;LRSHO;3,77;TUPRS;-0,20;ESCAR;527.518.641;;;;;;;
97;SEGYO;3,74;PETKM;-0,19;IZENR;524.082.596;;;;;;;
98;HEKTS;3,74;HOROZ;-0,17;DMRGD;506.497.110;;;;;;;
99;EGEGY;3,74;ULUSE;-0,17;ARCLK;488.126.156;;;;;;;
100;DESPC;3,73;MZHLD;-0,16;TSPOR;476.396.029;;;;;;;
101;TRHOL;3,70;BRKSN;-0,11;AGHOL;469.998.545;;;;;;;
102;INGRM;3,69;AYEN;-0,11;CEMZY;448.549.516;;;;;;;
103;RTALB;3,68;SDTTR;-0,09;BTCIM;447.279.144;;;;;;;
104;MTRKS;3,67;EUKYO;-0,09;OBAMS;443.504.147;;;;;;;
105;SUNTK;3,63;OYAYO;-0,09;OTKAR;443.448.382;;;;;;;
106;VAKBN;3,62;GZNMI;-0,08;KBORU;442.735.986;;;;;;;
107;EGGUB;3,60;DESA;-0,07;OYAKC;427.051.860;;;;;;;
108;CCOLA;3,59;MEGMT;-0,06;EUREN;424.647.307;;;;;;;
109;POLTK;3,59;VKFYO;-0,06;FZLGY;422.419.762;;;;;;;
110;KONYA;3,52;YGYO;0,00;SMRTG;411.423.608;;;;;;;
111;OFSYM;3,49;UMPAS;0,00;TCKRC;403.867.414;;;;;;;
112;EGEEN;3,47;SERVE;0,00;KAPLM;398.120.772;;;;;;;
113;DNISI;3,44;IDEAS;0,00;CIMSA;394.561.647;;;;;;;
114;ARCLK;3,44;MIPAZ;0,00;EUPWR;393.870.904;;;;;;;
115;TATEN;3,42;SANFM;0,00;EMPAE;390.184.959;;;;;;;
116;PASEU;3,42;ROYAL;0,00;GOKNR;384.377.970;;;;;;;
117;HALKB;3,41;PEHOL;0,00;KOPOL;383.855.989;;;;;;;
118;CEMTS;3,40;RNPOL;0,00;KLYPV;382.754.831;;;;;;;
119;EMNIS;3,35;KLNMA;0,00;EMKEL;381.678.783;;;;;;;
120;AGESA;3,34;ITTFH;0,00;GENIL;381.145.998;;;;;;;
121;ANGEN;3,34;METUR;0,00;TUKAS;373.793.561;;;;;;;
122;NIBAS;3,32;RHEAG;0,00;SOKM;371.978.320;;;;;;;
123;GEDIK;3,32;KERVT;0,00;HEDEF;370.101.425;;;;;;;
124;NETAS;3,31;QUAGR;0,00;CGCAM;367.894.894;;;;;;;
125;BARMA;3,30;QNBFL;0,00;NIBAS;366.229.791;;;;;;;
126;AKFIS;3,29;KARYE;0,00;MANAS;366.095.602;;;;;;;
127;GOLTS;3,29;AYES;0,00;ZGYO;359.094.334;;;;;;;
128;ESCOM;3,26;QNBFB;0,00;VAKFA;351.274.288;;;;;;;
129;ALARK;3,24;BJKAS;0,00;SDTTR;346.980.497;;;;;;;
130;VSNMD;3,24;IZTAR;0,00;VRGYO;346.122.607;;;;;;;
131;ALTNY;3,19;VERUS;0,00;KATMR;344.854.985;;;;;;;
132;FLAP;3,19;YBTAS;0,00;MARTI;340.411.269;;;;;;;
133;TTRAK;3,13;CEMAS;0,00;HDFGS;340.112.150;;;;;;;
134;INVEO;3,12;FORMT;0,00;ARMGD;339.175.733;;;;;;;
135;KLRHO;3,11;UZERB;0,00;GEREL;338.719.434;;;;;;;
136;KAYSE;3,10;OLMK;0,00;FRIGO;337.106.527;;;;;;;
137;ISSEN;3,09;LIDER;0,00;TURSG;331.826.465;;;;;;;
138;AKYHO;3,09;ODINE;0,00;AYCES;330.567.798;;;;;;;
139;KZBGY;3,08;LXGYO;0,00;ECILC;327.042.873;;;;;;;
140;PNLSN;3,05;MEGAP;0,00;BINHO;325.630.246;;;;;;;
141;FROTO;3,03;DAGHL;0,00;ONCSM;325.201.471;;;;;;;
142;KLYPV;3,03;CMENT;0,00;GSRAY;324.875.659;;;;;;;
143;GATEG;3,03;BTCIM;0,00;KONTR;322.445.796;;;;;;;
144;OZGYO;3,03;PEGYO;0,00;IMASM;320.776.386;;;;;;;
145;HEDEF;3,03;IEYHO;0,00;GRTHO;319.435.213;;;;;;;
146;ISKPL;3,00;SNKRN;0,00;SMRVA;319.174.935;;;;;;;
147;KRGYO;2,92;GRTRK;0,00;YEOTK;318.375.658;;;;;;;
148;PSGYO;2,90;TETMT;0,00;KZBGY;317.491.305;;;;;;;
149;DERIM;2,89;TMSN;0,00;SANFM;312.913.584;;;;;;;
150;MERCN;2,89;ALMAD;0,00;TATEN;308.466.968;;;;;;;
151;AVPGY;2,88;EPLAS;0,00;GESAN;302.533.799;;;;;;;
152;EGSER;2,87;TSPOR;0,00;VESTL;299.862.758;;;;;;;
153;ALFAS;2,85;UTPYA;0,00;HLGYO;292.779.104;;;;;;;
154;CLEBI;2,84;ISATR;0,00;ALGYO;289.801.909;;;;;;;
155;YATAS;2,82;CATES;0,05;ODINE;287.604.248;;;;;;;
156;ADGYO;2,80;FRMPL;0,06;YYLGD;287.231.800;;;;;;;
157;LUKSK;2,80;AFYON;0,07;MARKA;284.927.639;;;;;;;
158;GARFA;2,80;VBTYZ;0,10;OZATD;279.392.693;;;;;;;
159;VESTL;2,76;ASTOR;0,15;LMKDC;272.715.459;;;;;;;
160;TTKOM;2,75;TURSG;0,15;GIPTA;268.090.713;;;;;;;
161;TATGD;2,73;OZYSR;0,18;YIGIT;261.989.809;;;;;;;
162;YKBNK;2,71;AKSEN;0,18;ENSRI;261.759.166;;;;;;;
163;GARAN;2,71;GENIL;0,19;DOHOL;260.102.704;;;;;;;
164;MRSHL;2,70;RODRG;0,20;TMPOL;259.403.819;;;;;;;
165;ARDYZ;2,66;GSDHO;0,20;RUBNS;257.248.781;;;;;;;
166;PAGYO;2,66;CASA;0,21;ISDMR;257.050.082;;;;;;;
167;ORMA;2,65;PRZMA;0,21;GWIND;255.550.075;;;;;;;
168;TEZOL;2,65;BRKVY;0,22;BULGS;255.487.668;;;;;;;
169;ASGYO;2,62;DIRIT;0,22;AKSA;255.171.958;;;;;;;
170;TOASO;2,61;DAPGM;0,26;ANSGR;255.044.984;;;;;;;
171;MNDTR;2,60;TARKM;0,26;REEDR;254.367.955;;;;;;;
172;QNBTR;2,60;REEDR;0,27;CCOLA;252.674.185;;;;;;;
173;CIMSA;2,60;ENTRA;0,27;UCAYM;250.039.894;;;;;;;
174;KLKIM;2,59;ARMGD;0,27;ECOGR;246.500.819;;;;;;;
175;NTGAZ;2,59;GUNDG;0,28;BIOEN;246.096.887;;;;;;;
176;GLCVY;2,58;SARKY;0,29;ESEN;242.268.513;;;;;;;
177;LIDFA;2,57;FZLGY;0,30;TSKB;239.982.664;;;;;;;
178;KMPUR;2,55;TDGYO;0,31;BESTE;234.963.329;;;;;;;
179;SOKM;2,55;PRKME;0,32;SARKY;232.795.570;;;;;;;
180;ECOGR;2,54;SKTAS;0,33;TNZTP;231.277.419;;;;;;;
181;TCELL;2,53;BALSU;0,34;ZOREN;230.846.653;;;;;;;
182;NUGYO;2,52;BMSTL;0,35;SNGYO;230.315.910;;;;;;;
183;FMIZP;2,52;AKFYE;0,36;SELVA;227.132.806;;;;;;;
184;RAYSG;2,51;ISYAT;0,36;GZNMI;226.933.089;;;;;;;
185;ISGYO;2,49;OTTO;0,40;IHAAS;225.938.464;;;;;;;
186;CEMZY;2,48;SILVR;0,40;RYSAS;223.833.760;;;;;;;
187;KOTON;2,47;BULGS;0,40;SEGMN;223.040.361;;;;;;;
188;SAFKR;2,47;KUYAS;0,41;TRHOL;219.486.419;;;;;;;
189;SUMAS;2,46;ATAGY;0,41;ISGSY;217.212.868;;;;;;;
190;PRDGS;2,46;MIATK;0,42;MOPAS;216.186.355;;;;;;;
191;ZOREN;2,46;BAYRK;0,43;USAK;214.979.351;;;;;;;
192;KNFRT;2,44;ENERY;0,45;AKFIS;210.997.451;;;;;;;
193;KORDS;2,44;ZEDUR;0,45;KCAER;207.362.064;;;;;;;
194;KUTPO;2,44;HATEK;0,46;POLHO;205.262.431;;;;;;;
195;BVSAN;2,44;BLUME;0,46;TUREX;203.913.894;;;;;;;
196;SANEL;2,43;ADEL;0,48;KLMSN;203.642.955;;;;;;;
197;GSDDE;2,42;MNDRS;0,48;SAFKR;201.137.476;;;;;;;
198;MGROS;2,42;PENGD;0,49;AKFYE;196.759.890;;;;;;;
199;TSKB;2,42;ALVES;0,54;LINK;196.710.738;;;;;;;
200;ONCSM;2,41;FADE;0,54;DOGUB;195.308.599;;;;;;;
201;EUYO;2,41;SEKFK;0,54;BERA;191.816.881;;;;;;;
202;ALBRK;2,40;OSMEN;0,54;AYGAZ;191.805.756;;;;;;;
203;BRISA;2,38;BORSK;0,55;FORMT;189.919.575;;;;;;;
204;RUZYE;2,38;MPARK;0,57;TABGD;188.966.702;;;;;;;
205;CUSAN;2,38;AVGYO;0,57;BRYAT;187.492.125;;;;;;;
206;GEDZA;2,37;DOAS;0,59;LIDER;187.372.414;;;;;;;
207;ISCTR;2,37;LYDHO;0,59;MRGYO;187.339.541;;;;;;;
208;ECZYT;2,36;ARTMS;0,60;KORDS;187.292.465;;;;;;;
209;BRSAN;2,35;DEVA;0,61;MAALT;185.314.878;;;;;;;
210;DURKN;2,35;BMSCH;0,62;VAKKO;185.153.916;;;;;;;
211;YEOTK;2,35;ACSEL;0,62;CEOEM;183.860.294;;;;;;;
212;EDIP;2,31;KRDMB;0,63;MPARK;183.190.062;;;;;;;
213;BESLR;2,30;GRSEL;0,63;SERNT;182.324.175;;;;;;;
214;SAYAS;2,30;KERVN;0,64;ESCOM;181.072.350;;;;;;;
215;AKSUE;2,29;VERTU;0,65;AKCNS;180.186.609;;;;;;;
216;DOKTA;2,29;GOODY;0,66;RTALB;178.323.735;;;;;;;
217;DURDO;2,28;YESIL;0,66;FENER;174.884.647;;;;;;;
218;EMKEL;2,28;AVOD;0,69;OTTO;174.779.381;;;;;;;
219;VESBE;2,28;FENER;0,73;DCTTR;172.583.711;;;;;;;
220;BANVT;2,28;IZENR;0,74;ARZUM;172.453.049;;;;;;;
221;DOCO;2,28;MAGEN;0,74;CRDFA;170.027.129;;;;;;;
222;OZSUB;2,27;BRYAT;0,75;EKOS;169.972.510;;;;;;;
223;BIGCH;2,26;ETILR;0,76;AHGAZ;169.842.249;;;;;;;
224;ATEKS;2,21;ATATP;0,76;LOGO;169.517.382;;;;;;;
225;GENKM;2,21;OYLUM;0,79;ECZYT;169.514.995;;;;;;;
226;KCHOL;2,20;NATEN;0,81;CRFSA;168.889.023;;;;;;;
227;OZKGY;2,20;CMBTN;0,82;AYEN;168.103.510;;;;;;;
228;SISE;2,20;AGYO;0,82;PAPIL;167.917.964;;;;;;;
229;EUHOL;2,20;ARSAN;0,82;TEKTU;167.489.793;;;;;;;
230;AHGAZ;2,18;BUCIM;0,83;FORTE;166.386.499;;;;;;;
231;ASUZU;2,14;PLTUR;0,84;TMSN;166.331.059;;;;;;;
232;VAKFA;2,14;LKMNH;0,85;ALBRK;163.592.404;;;;;;;
233;YONGA;2,13;EBEBK;0,85;EGEGY;162.382.552;;;;;;;
234;TUKAS;2,10;KRDMA;0,87;IZFAS;161.883.959;;;;;;;
235;HUBVC;2,08;SKYMD;0,89;EGGUB;158.543.749;;;;;;;
236;BESTE;2,08;GSRAY;0,89;RGYAS;156.070.130;;;;;;;
237;ORCAY;2,08;ANHYT;0,90;ARFYE;153.904.631;;;;;;;
238;MTRYO;2,07;IZMDC;0,90;BSOKE;150.438.778;;;;;;;
239;CONSE;2,06;BNTAS;0,92;GMTAS;150.328.576;;;;;;;
240;SOKE;2,06;ZRGYO;0,94;DUNYH;150.170.095;;;;;;;
241;TRALT;2,06;INDES;0,96;TTRAK;149.943.336;;;;;;;
242;MEPET;2,05;IZINV;0,98;ENTRA;148.083.000;;;;;;;
243;HDFGS;2,04;DGGYO;1,00;ULUFA;146.249.163;;;;;;;
244;BEYAZ;2,04;BFREN;1,00;LRSHO;145.255.194;;;;;;;
245;IDGYO;2,02;GLYHO;1,01;FONET;144.800.112;;;;;;;
246;MSGYO;2,02;MOBTL;1,03;A1CAP;142.512.851;;;;;;;
247;MARBL;2,01;BERA;1,04;TRCAS;141.495.184;;;;;;;
248;TABGD;2,00;ISGSY;1,05;TRENJ;140.267.911;;;;;;;
249;BINHO;1,99;SELEC;1,05;KMPUR;138.264.577;;;;;;;
250;IHLGM;1,99;NUHCM;1,07;MNDRS;137.963.356;;;;;;;
251;ISFIN;1,98;KIMMR;1,07;METRO;136.690.757;;;;;;;
252;ISBIR;1,97;TKNSA;1,08;ALFAS;131.843.334;;;;;;;
253;AKMGY;1,97;VKGYO;1,09;KARSN;130.442.710;;;;;;;
254;IHLAS;1,96;OTKAR;1,09;SRVGY;128.792.491;;;;;;;
255;HUNER;1,95;SEKUR;1,10;YGGYO;127.006.573;;;;;;;
256;ICUGS;1,94;CWENE;1,11;TEZOL;126.477.414;;;;;;;
257;EGEPO;1,93;KATMR;1,11;DURKN;122.975.126;;;;;;;
258;SKBNK;1,93;AHSGY;1,11;FRMPL;121.823.889;;;;;;;
259;SRVGY;1,92;UNLU;1,13;ATATP;121.654.523;;;;;;;
260;A1YEN;1,90;PETUN;1,15;AGROT;120.945.545;;;;;;;
261;INTEM;1,90;KLSER;1,15;GRSEL;119.824.450;;;;;;;
262;HRKET;1,89;KRPLS;1,16;BORSK;118.102.245;;;;;;;
263;ULKER;1,87;CELHA;1,16;MOBTL;117.735.658;;;;;;;
264;CVKMD;1,86;BASCM;1,17;BVSAN;117.695.789;;;;;;;
265;OSTIM;1,85;THYAO;1,17;CEMAS;117.393.609;;;;;;;
266;OYAKC;1,83;DOFER;1,19;KLKIM;116.385.637;;;;;;;
267;CANTE;1,83;USAK;1,19;PENGD;116.304.594;;;;;;;
268;PCILT;1,83;KAREL;1,19;CLEBI;113.558.896;;;;;;;
269;PENTA;1,82;ALCTL;1,21;ICUGS;111.533.912;;;;;;;
270;ARENA;1,82;HATSN;1,21;BMSTL;110.605.220;;;;;;;
271;ISDMR;1,82;TERA;1,22;KGYO;110.494.379;;;;;;;
272;ATAKP;1,81;PAPIL;1,22;ARDYZ;110.042.169;;;;;;;
273;JANTS;1,80;KZGYO;1,22;AYDEM;109.044.589;;;;;;;
274;BIZIM;1,80;HLGYO;1,23;PKENT;108.693.095;;;;;;;
275;ENJSA;1,80;LYDYE;1,25;AKGRT;106.681.982;;;;;;;
276;KFEIN;1,79;SNPAM;1,25;AKSUE;106.435.606;;;;;;;
277;EYGYO;1,79;EMPAE;1,25;ADGYO;104.387.156;;;;;;;
278;EUPWR;1,79;ERBOS;1,25;DITAS;104.271.384;;;;;;;
279;TRILC;1,78;OZRDN;1,26;PNLSN;103.969.843;;;;;;;
280;PINSU;1,78;YKSLN;1,27;BUCIM;103.820.931;;;;;;;
281;KRSTL;1,77;SNICA;1,28;ARTMS;103.751.645;;;;;;;
282;MEDTR;1,75;PAHOL;1,28;IHYAY;102.308.677;;;;;;;
283;BIENY;1,74;KRONT;1,29;BURCE;99.367.937;;;;;;;
284;GESAN;1,74;ARASE;1,29;POLTK;98.511.550;;;;;;;
285;TGSAS;1,74;COSMO;1,30;RUZYE;98.105.789;;;;;;;
286;MAVI;1,73;FORTE;1,31;SMART;97.407.644;;;;;;;
287;KARSN;1,73;EKSUN;1,31;SELEC;97.123.227;;;;;;;
288;PRKAB;1,71;TAVHL;1,32;INFO;96.417.357;;;;;;;
289;KONKA;1,71;BIGEN;1,32;MERCN;96.204.679;;;;;;;
290;VKING;1,70;INVES;1,32;OZKGY;95.911.073;;;;;;;
291;MAALT;1,69;TNZTP;1,32;BALSU;95.859.184;;;;;;;
292;PGSUS;1,67;SUWEN;1,33;BAHKM;93.626.183;;;;;;;
293;TSGYO;1,67;KARTN;1,37;BAKAB;92.147.093;;;;;;;
294;DENGE;1,67;AKSA;1,38;KAREL;91.479.334;;;;;;;
295;GWIND;1,67;IHGZT;1,39;RYGYO;91.060.818;;;;;;;
296;VAKFN;1,66;SEYKM;1,40;PINSU;90.006.045;;;;;;;
297;YAPRK;1,65;MAKTK;1,40;NTGAZ;89.411.033;;;;;;;
298;GLRYH;1,64;TRGYO;1,40;BOBET;89.105.741;;;;;;;
299;RGYAS;1,63;IHEVA;1,40;DYOBY;88.810.963;;;;;;;
300;BIMAS;1,62;PARSN;1,40;ULUUN;88.735.056;;;;;;;
301;AGROT;1,62;BOSSA;1,40;BLUME;88.723.399;;;;;;;
302;AKCNS;1,62;NTHOL;1,41;AVPGY;88.266.151;;;;;;;
303;BOBET;1,61;HURGZ;1,41;GOLTS;87.368.397;;;;;;;
304;AVHOL;1,60;SMART;1,42;ANHYT;86.613.901;;;;;;;
305;TBORG;1,58;EUREN;1,43;A1YEN;86.552.243;;;;;;;
306;BEGYO;1,58;TRENJ;1,43;DAGI;86.506.536;;;;;;;
307;PAMEL;1,57;EKOS;1,44;LYDHO;86.416.157;;;;;;;
308;YUNSA;1,56;DOHOL;1,44;HATSN;86.074.577;;;;;;;
309;MERIT;1,56;A1CAP;1,44;SEGYO;85.796.229;;;;;;;
310;KCAER;1,55;ONRYT;1,45;KAYSE;85.196.862;;;;;;;
311;MAKIM;1,55;ECILC;1,47;GLYHO;84.285.873;;;;;;;
312;LINK;1,55;AKGRT;1,49;BORLS;83.821.356;;;;;;;
313;AKENR;1,53;DARDL;1,49;GLCVY;83.428.265;;;;;;;
314;ESEN;1,52;BINBN;1,50;VAKFN;82.967.519;;;;;;;
315;TUREX;1,52;KRTEK;1,50;AFYON;82.880.000;;;;;;;
316;AKSGY;1,52;ANSGR;1,50;SKYMD;82.126.554;;;;;;;
317;BRLSM;1,50;BRLSM;1,50;MERKO;81.550.813;;;;;;;
318;ANSGR;1,50;AKSGY;1,52;EGEEN;81.262.798;;;;;;;
319;KRTEK;1,50;TUREX;1,52;KLGYO;81.191.281;;;;;;;
320;BINBN;1,50;ESEN;1,52;ARASE;81.123.686;;;;;;;
321;DARDL;1,49;AKENR;1,53;MACKO;80.885.936;;;;;;;
322;AKGRT;1,49;LINK;1,55;AKFGY;80.817.719;;;;;;;
323;ECILC;1,47;MAKIM;1,55;AGESA;80.291.605;;;;;;;
324;ONRYT;1,45;KCAER;1,55;DGNMO;79.403.785;;;;;;;
325;A1CAP;1,44;MERIT;1,56;HKTM;78.369.128;;;;;;;
326;DOHOL;1,44;YUNSA;1,56;DERHL;76.489.384;;;;;;;
327;EKOS;1,44;PAMEL;1,57;EDATA;76.254.098;;;;;;;
328;TRENJ;1,43;BEGYO;1,58;BLCYT;75.232.604;;;;;;;
329;EUREN;1,43;TBORG;1,58;ALCTL;74.472.346;;;;;;;
330;SMART;1,42;AVHOL;1,60;SOKE;74.434.076;;;;;;;
331;HURGZ;1,41;BOBET;1,61;TATGD;74.326.437;;;;;;;
332;NTHOL;1,41;AKCNS;1,62;ALKA;73.750.673;;;;;;;
333;BOSSA;1,40;AGROT;1,62;INDES;73.564.989;;;;;;;
334;PARSN;1,40;BIMAS;1,62;NTHOL;73.176.419;;;;;;;
335;IHEVA;1,40;RGYAS;1,63;EGPRO;72.839.231;;;;;;;
336;TRGYO;1,40;GLRYH;1,64;BIGTK;72.739.944;;;;;;;
337;MAKTK;1,40;YAPRK;1,65;ENDAE;72.353.596;;;;;;;
338;SEYKM;1,40;VAKFN;1,66;IHLAS;72.322.670;;;;;;;
339;IHGZT;1,39;GWIND;1,67;DOCO;72.228.820;;;;;;;
340;AKSA;1,38;DENGE;1,67;TKNSA;72.077.239;;;;;;;
341;KARTN;1,37;TSGYO;1,67;BESLR;71.942.304;;;;;;;
342;SUWEN;1,33;PGSUS;1,67;KOCMT;71.928.237;;;;;;;
343;TNZTP;1,32;MAALT;1,69;KRSTL;71.557.769;;;;;;;
344;INVES;1,32;VKING;1,70;KLSYN;71.472.854;;;;;;;
345;BIGEN;1,32;KONKA;1,71;PRKAB;71.184.277;;;;;;;
346;TAVHL;1,32;PRKAB;1,71;CATES;69.924.285;;;;;;;
347;EKSUN;1,31;KARSN;1,73;ORGE;69.635.300;;;;;;;
348;FORTE;1,31;MAVI;1,73;DARDL;69.265.817;;;;;;;
349;COSMO;1,30;TGSAS;1,74;TUCLK;68.655.064;;;;;;;
350;ARASE;1,29;GESAN;1,74;BIGEN;68.163.933;;;;;;;
351;KRONT;1,29;BIENY;1,74;BIENY;67.338.452;;;;;;;
352;PAHOL;1,28;MEDTR;1,75;PLTUR;66.770.876;;;;;;;
353;SNICA;1,28;KRSTL;1,77;OFSYM;65.934.731;;;;;;;
354;YKSLN;1,27;PINSU;1,78;BAGFS;65.922.310;;;;;;;
355;OZRDN;1,26;TRILC;1,78;SUWEN;65.521.795;;;;;;;
356;ERBOS;1,25;EUPWR;1,79;GENTS;65.342.998;;;;;;;
357;SNPAM;1,25;EYGYO;1,79;ICBCT;64.992.401;;;;;;;
358;EMPAE;1,25;KFEIN;1,79;ERCB;64.819.262;;;;;;;
359;LYDYE;1,25;ENJSA;1,80;ASUZU;62.671.557;;;;;;;
360;HLGYO;1,23;BIZIM;1,80;GLRYH;62.623.961;;;;;;;
361;KZGYO;1,22;JANTS;1,80;VESBE;62.340.373;;;;;;;
362;PAPIL;1,22;ATAKP;1,81;ISFIN;62.311.084;;;;;;;
363;TERA;1,22;ISDMR;1,82;AKENR;62.163.737;;;;;;;
364;HATSN;1,21;ARENA;1,82;ARSAN;61.367.004;;;;;;;
365;ALCTL;1,21;PENTA;1,82;LIDFA;60.330.740;;;;;;;
366;KAREL;1,19;PCILT;1,83;IZMDC;60.211.963;;;;;;;
367;USAK;1,19;CANTE;1,83;PCILT;59.631.165;;;;;;;
368;DOFER;1,19;OYAKC;1,83;KOTON;59.572.626;;;;;;;
369;THYAO;1,17;OSTIM;1,85;OZSUB;59.202.834;;;;;;;
370;BASCM;1,17;CVKMD;1,86;BRKVY;58.438.432;;;;;;;
371;CELHA;1,16;ULKER;1,87;HTTBT;58.085.386;;;;;;;
372;KRPLS;1,16;HRKET;1,89;MERIT;57.793.005;;;;;;;
373;KLSER;1,15;INTEM;1,90;HATEK;57.107.885;;;;;;;
374;PETUN;1,15;A1YEN;1,90;TRILC;55.913.324;;;;;;;
375;UNLU;1,13;SRVGY;1,92;INVEO;55.443.863;;;;;;;
376;AHSGY;1,11;SKBNK;1,93;ALCAR;55.421.894;;;;;;;
377;KATMR;1,11;EGEPO;1,93;AKSGY;55.372.728;;;;;;;
378;CWENE;1,11;ICUGS;1,94;INVES;54.893.993;;;;;;;
379;SEKUR;1,10;HUNER;1,95;HOROZ;54.715.146;;;;;;;
380;OTKAR;1,09;IHLAS;1,96;TBORG;54.489.719;;;;;;;
381;VKGYO;1,09;AKMGY;1,97;TRGYO;53.632.523;;;;;;;
382;TKNSA;1,08;ISBIR;1,97;BARMA;53.621.894;;;;;;;
383;KIMMR;1,07;ISFIN;1,98;KRONT;52.983.726;;;;;;;
384;NUHCM;1,07;IHLGM;1,99;BANVT;51.457.586;;;;;;;
385;SELEC;1,05;BINHO;1,99;GOODY;50.680.446;;;;;;;
386;ISGSY;1,05;TABGD;2,00;CEMTS;50.469.343;;;;;;;
387;BERA;1,04;MARBL;2,01;EGEPO;49.894.344;;;;;;;
388;MOBTL;1,03;MSGYO;2,02;RAYSG;49.753.543;;;;;;;
389;GLYHO;1,01;IDGYO;2,02;KUTPO;49.551.883;;;;;;;
390;BFREN;1,00;BEYAZ;2,04;SUNTK;49.316.289;;;;;;;
391;DGGYO;1,00;HDFGS;2,04;KLSER;48.653.769;;;;;;;
392;IZINV;0,98;MEPET;2,05;TLMAN;48.174.107;;;;;;;
393;INDES;0,96;TRALT;2,06;PRDGS;48.081.777;;;;;;;
394;ZRGYO;0,94;SOKE;2,06;ALKIM;47.465.262;;;;;;;
395;BNTAS;0,92;CONSE;2,06;MTRKS;47.358.446;;;;;;;
396;IZMDC;0,90;MTRYO;2,07;BINBN;47.327.201;;;;;;;
397;ANHYT;0,90;ORCAY;2,08;YAPRK;47.170.821;;;;;;;
398;GSRAY;0,89;BESTE;2,08;OBASE;47.116.693;;;;;;;
399;SKYMD;0,89;HUBVC;2,08;HUNER;47.061.047;;;;;;;
400;KRDMA;0,87;TUKAS;2,10;CONSE;46.776.939;;;;;;;
401;EBEBK;0,85;YONGA;2,13;PENTA;46.625.495;;;;;;;
402;LKMNH;0,85;VAKFA;2,14;BIGCH;45.885.160;;;;;;;
403;PLTUR;0,84;ASUZU;2,14;BJKAS;45.299.550;;;;;;;
404;BUCIM;0,83;AHGAZ;2,18;KONYA;45.221.113;;;;;;;
405;ARSAN;0,82;EUHOL;2,20;TARKM;45.155.620;;;;;;;
406;AGYO;0,82;SISE;2,20;KZGYO;45.083.941;;;;;;;
407;CMBTN;0,82;OZKGY;2,20;EPLAS;44.843.172;;;;;;;
408;NATEN;0,81;KCHOL;2,20;VKGYO;44.387.988;;;;;;;
409;OYLUM;0,79;GENKM;2,21;ONRYT;44.223.500;;;;;;;
410;ATATP;0,76;ATEKS;2,21;JANTS;44.158.526;;;;;;;
411;ETILR;0,76;BIGCH;2,26;DOFER;43.598.667;;;;;;;
412;BRYAT;0,75;OZSUB;2,27;EBEBK;43.304.505;;;;;;;
413;MAGEN;0,74;DOCO;2,28;ELITE;42.692.051;;;;;;;
414;IZENR;0,74;BANVT;2,28;TURGG;42.679.713;;;;;;;
415;FENER;0,73;VESBE;2,28;AVGYO;42.565.028;;;;;;;
416;AVOD;0,69;EMKEL;2,28;IHGZT;42.523.805;;;;;;;
417;YESIL;0,66;DURDO;2,28;NATEN;42.333.172;;;;;;;
418;GOODY;0,66;DOKTA;2,29;MAKTK;41.497.752;;;;;;;
419;VERTU;0,65;AKSUE;2,29;AKMGY;41.077.456;;;;;;;
420;KERVN;0,64;SAYAS;2,30;YUNSA;40.981.755;;;;;;;
421;GRSEL;0,63;BESLR;2,30;BAYRK;40.543.671;;;;;;;
422;KRDMB;0,63;EDIP;2,31;BEGYO;40.338.327;;;;;;;
423;ACSEL;0,62;YEOTK;2,35;KARTN;40.184.891;;;;;;;
424;BMSCH;0,62;DURKN;2,35;AZTEK;40.164.617;;;;;;;
425;DEVA;0,61;BRSAN;2,35;UFUK;39.781.404;;;;;;;
426;ARTMS;0,60;ECZYT;2,36;NETAS;39.671.669;;;;;;;
427;LYDHO;0,59;ISCTR;2,37;HRKET;39.042.092;;;;;;;
428;DOAS;0,59;GEDZA;2,37;ASGYO;38.906.721;;;;;;;
429;AVGYO;0,57;CUSAN;2,38;YESIL;38.290.459;;;;;;;
430;MPARK;0,57;RUZYE;2,38;LKMNH;38.254.187;;;;;;;
431;BORSK;0,55;BRISA;2,38;VANGD;37.947.961;;;;;;;
432;OSMEN;0,54;ALBRK;2,40;IZINV;37.820.910;;;;;;;
433;SEKFK;0,54;EUYO;2,41;GOZDE;37.768.130;;;;;;;
434;FADE;0,54;ONCSM;2,41;YATAS;37.431.446;;;;;;;
435;ALVES;0,54;TSKB;2,42;VBTYZ;37.429.945;;;;;;;
436;PENGD;0,49;MGROS;2,42;AVOD;36.995.101;;;;;;;
437;MNDRS;0,48;GSDDE;2,42;ULUSE;36.220.992;;;;;;;
438;ADEL;0,48;SANEL;2,43;OSTIM;36.190.895;;;;;;;
439;BLUME;0,46;BVSAN;2,44;DURDO;36.151.830;;;;;;;
440;HATEK;0,46;KUTPO;2,44;ISGYO;36.106.872;;;;;;;
441;ZEDUR;0,45;KORDS;2,44;EYGYO;35.979.956;;;;;;;
442;ENERY;0,45;KNFRT;2,44;MARBL;35.960.115;;;;;;;
443;BAYRK;0,43;ZOREN;2,46;NUHCM;35.680.096;;;;;;;
444;MIATK;0,42;PRDGS;2,46;PARSN;35.563.791;;;;;;;
445;ATAGY;0,41;SUMAS;2,46;RNPOL;35.561.232;;;;;;;
446;KUYAS;0,41;SAFKR;2,47;INTEM;34.921.959;;;;;;;
447;BULGS;0,40;KOTON;2,47;LYDYE;34.827.790;;;;;;;
448;SILVR;0,40;CEMZY;2,48;GSDHO;34.631.375;;;;;;;
449;OTTO;0,40;ISGYO;2,49;MSGYO;34.116.813;;;;;;;
450;ISYAT;0,36;RAYSG;2,51;MAKIM;33.900.621;;;;;;;
451;AKFYE;0,36;FMIZP;2,52;DENGE;33.583.123;;;;;;;
452;BMSTL;0,35;NUGYO;2,52;BASGZ;33.034.376;;;;;;;
453;BALSU;0,34;TCELL;2,53;PKART;32.915.935;;;;;;;
454;SKTAS;0,33;ECOGR;2,54;BRLSM;32.511.766;;;;;;;
455;PRKME;0,32;SOKM;2,55;AHSGY;31.652.474;;;;;;;
456;TDGYO;0,31;KMPUR;2,55;OSMEN;31.270.096;;;;;;;
457;FZLGY;0,30;LIDFA;2,57;MRSHL;31.147.336;;;;;;;
458;SARKY;0,29;GLCVY;2,58;GARFA;31.065.831;;;;;;;
459;GUNDG;0,28;NTGAZ;2,59;YKSLN;30.815.111;;;;;;;
460;ARMGD;0,27;KLKIM;2,59;DEVA;30.726.687;;;;;;;
461;ENTRA;0,27;CIMSA;2,60;BNTAS;30.438.468;;;;;;;
462;REEDR;0,27;QNBTR;2,60;BMSCH;30.123.706;;;;;;;
463;TARKM;0,26;MNDTR;2,60;AVHOL;30.018.432;;;;;;;
464;DAPGM;0,26;TOASO;2,61;VERUS;29.943.765;;;;;;;
465;DIRIT;0,22;ASGYO;2,62;KONKA;29.880.191;;;;;;;
466;BRKVY;0,22;TEZOL;2,65;BYDNR;29.757.907;;;;;;;
467;PRZMA;0,21;ORMA;2,65;PAGYO;29.551.564;;;;;;;
468;CASA;0,21;PAGYO;2,66;KRVGD;29.444.115;;;;;;;
469;GSDHO;0,20;ARDYZ;2,66;ERSU;29.000.314;;;;;;;
470;RODRG;0,20;MRSHL;2,70;PRKME;28.918.896;;;;;;;
471;GENIL;0,19;GARAN;2,71;KUVVA;28.555.417;;;;;;;
472;AKSEN;0,18;YKBNK;2,71;DZGYO;28.540.535;;;;;;;
473;OZYSR;0,18;TATGD;2,73;IHLGM;28.517.749;;;;;;;
474;TURSG;0,15;TTKOM;2,75;KFEIN;28.442.858;;;;;;;
475;ASTOR;0,15;VESTL;2,76;KIMMR;28.297.256;;;;;;;
476;VBTYZ;0,10;GARFA;2,80;NUGYO;28.099.865;;;;;;;
477;AFYON;0,07;LUKSK;2,80;INGRM;28.093.933;;;;;;;
478;FRMPL;0,06;ADGYO;2,80;SEKUR;27.665.548;;;;;;;
479;CATES;0,05;YATAS;2,82;GEDIK;27.604.493;;;;;;;
480;ISATR;0,00;CLEBI;2,84;YAYLA;27.261.147;;;;;;;
481;IZTAR;0,00;ALFAS;2,85;MHRGY;27.012.227;;;;;;;
482;BJKAS;0,00;EGSER;2,87;ZEDUR;26.909.275;;;;;;;
483;QNBFB;0,00;AVPGY;2,88;PETUN;26.749.738;;;;;;;
484;AYES;0,00;MERCN;2,89;SAYAS;26.512.226;;;;;;;
485;KARYE;0,00;DERIM;2,89;ULAS;26.195.711;;;;;;;
486;QNBFL;0,00;PSGYO;2,90;GEDZA;26.170.595;;;;;;;
487;QUAGR;0,00;KRGYO;2,92;ACSEL;25.997.369;;;;;;;
488;KERVT;0,00;ISKPL;3,00;CMBTN;25.595.664;;;;;;;
489;RHEAG;0,00;HEDEF;3,03;DESPC;25.219.037;;;;;;;
490;RNPOL;0,00;OZGYO;3,03;PNSUT;25.191.903;;;;;;;
491;ITTFH;0,00;GATEG;3,03;EDIP;25.089.238;;;;;;;
492;KLNMA;0,00;KLYPV;3,03;ANGEN;25.041.249;;;;;;;
493;PEHOL;0,00;FROTO;3,03;KRGYO;24.909.544;;;;;;;
494;ROYAL;0,00;PNLSN;3,05;OYYAT;24.817.990;;;;;;;
495;SANFM;0,00;KZBGY;3,08;OZYSR;24.800.018;;;;;;;
496;MIPAZ;0,00;AKYHO;3,09;ETILR;24.695.348;;;;;;;
497;IDEAS;0,00;ISSEN;3,09;BEYAZ;24.504.604;;;;;;;
498;SERVE;0,00;KAYSE;3,10;SNICA;24.360.392;;;;;;;
499;UMPAS;0,00;KLRHO;3,11;GSDDE;23.971.651;;;;;;;
500;YGYO;0,00;INVEO;3,12;TGSAS;23.888.265;;;;;;;
501;YBTAS;0,00;TTRAK;3,13;SKTAS;23.777.575;;;;;;;
502;VERUS;0,00;FLAP;3,19;KRPLS;23.244.952;;;;;;;
503;FORMT;0,00;ALTNY;3,19;MEDTR;22.686.100;;;;;;;
504;UZERB;0,00;VSNMD;3,24;FADE;22.652.165;;;;;;;
505;UTPYA;0,00;ALARK;3,24;ZRGYO;22.433.991;;;;;;;
506;TSPOR;0,00;ESCOM;3,26;BFREN;21.782.890;;;;;;;
507;EPLAS;0,00;GOLTS;3,29;ISYAT;21.548.074;;;;;;;
508;ALMAD;0,00;AKFIS;3,29;SKYLP;20.429.969;;;;;;;
509;TMSN;0,00;BARMA;3,30;DESA;20.094.994;;;;;;;
510;TETMT;0,00;NETAS;3,31;BURVA;19.760.123;;;;;;;
511;GRTRK;0,00;GEDIK;3,32;ARENA;19.518.073;;;;;;;
512;SNKRN;0,00;NIBAS;3,32;VKING;19.441.458;;;;;;;
513;IEYHO;0,00;ANGEN;3,34;UNLU;18.987.301;;;;;;;
514;PEGYO;0,00;AGESA;3,34;DNISI;18.720.510;;;;;;;
515;BTCIM;0,00;EMNIS;3,35;ATAKP;18.574.813;;;;;;;
516;CMENT;0,00;CEMTS;3,40;CUSAN;18.432.021;;;;;;;
517;METUR;0,00;HALKB;3,41;DGATE;18.280.653;;;;;;;
518;CEMAS;0,00;PASEU;3,42;FMIZP;17.941.150;;;;;;;
519;DAGHL;0,00;TATEN;3,42;EKSUN;17.795.987;;;;;;;
520;MEGAP;0,00;ARCLK;3,44;MNDTR;17.732.733;;;;;;;
521;LXGYO;0,00;DNISI;3,44;DERIM;17.632.625;;;;;;;
522;ODINE;0,00;EGEEN;3,47;HURGZ;17.336.989;;;;;;;
523;LIDER;0,00;OFSYM;3,49;PSDTC;16.803.443;;;;;;;
524;OLMK;0,00;KONYA;3,52;OZRDN;16.285.317;;;;;;;
525;VKFYO;-0,06;POLTK;3,59;VERTU;16.059.948;;;;;;;
526;MEGMT;-0,06;CCOLA;3,59;DMSAS;15.828.333;;;;;;;
527;DESA;-0,07;EGGUB;3,60;ENPRA;15.743.021;;;;;;;
528;GZNMI;-0,08;VAKBN;3,62;ERBOS;15.704.756;;;;;;;
529;OYAYO;-0,09;SUNTK;3,63;FLAP;15.642.378;;;;;;;
530;EUKYO;-0,09;MTRKS;3,67;VKFYO;15.637.953;;;;;;;
531;SDTTR;-0,09;RTALB;3,68;TSGYO;15.435.986;;;;;;;
532;AYEN;-0,11;INGRM;3,69;COSMO;14.934.518;;;;;;;
533;BRKSN;-0,11;TRHOL;3,70;OZGYO;14.672.007;;;;;;;
534;MZHLD;-0,16;DESPC;3,73;CELHA;14.369.095;;;;;;;
535;ULUSE;-0,17;EGEGY;3,74;BRISA;14.039.411;;;;;;;
536;HOROZ;-0,17;HEKTS;3,74;SANKO;13.985.546;;;;;;;
537;PETKM;-0,19;SEGYO;3,74;ISSEN;13.769.670;;;;;;;
538;TUPRS;-0,20;LRSHO;3,77;SANEL;13.680.761;;;;;;;
539;ORGE;-0,26;MHRGY;3,82;KNFRT;13.522.620;;;;;;;
540;ELITE;-0,27;KLGYO;3,85;HUBVC;13.172.846;;;;;;;
541;OYYAT;-0,27;SANKO;3,86;BRKO;12.900.669;;;;;;;
542;IZFAS;-0,29;GOZDE;3,87;ETYAT;12.729.838;;;;;;;
543;TEKTU;-0,29;SNGYO;3,89;AKYHO;12.511.218;;;;;;;
544;PNSUT;-0,31;EREGL;3,99;DOKTA;12.427.422;;;;;;;
545;SEGMN;-0,34;LMKDC;3,99;ATLAS;12.346.557;;;;;;;
546;AKFGY;-0,36;AZTEK;4,08;BRKSN;12.126.697;;;;;;;
547;DCTTR;-0,36;KTLEV;4,10;MEPET;12.038.155;;;;;;;
548;OBASE;-0,37;AKBNK;4,12;EGSER;11.781.824;;;;;;;
549;PKART;-0,38;IHAAS;4,15;GATEG;11.692.671;;;;;;;
550;KOCMT;-0,39;TRMET;4,17;BOSSA;11.345.888;;;;;;;
551;ALGYO;-0,40;MARMR;4,21;SAMAT;10.781.689;;;;;;;
552;BIGTK;-0,42;AKHAN;4,24;EUHOL;10.456.400;;;;;;;
553;BAGFS;-0,42;INTEK;4,27;TDGYO;10.321.651;;;;;;;
554;MOPAS;-0,43;LOGO;4,29;QNBTR;10.279.940;;;;;;;
555;FONET;-0,44;ETYAT;4,36;YYAPI;10.148.076;;;;;;;
556;ERCB;-0,44;VANGD;4,52;OYAYO;10.066.665;;;;;;;
557;DMSAS;-0,46;DZGYO;4,53;LUKSK;10.023.093;;;;;;;
558;ICBCT;-0,47;ALCAR;4,56;SILVR;9.156.192;;;;;;;
559;BURCE;-0,49;INFO;4,56;AVTUR;8.413.291;;;;;;;
560;GENTS;-0,49;SAHOL;4,56;PAMEL;8.082.470;;;;;;;
561;NETCD;-0,50;BIOEN;4,61;BIZIM;7.768.794;;;;;;;
562;ALKIM;-0,54;VAKKO;4,66;ORCAY;7.691.842;;;;;;;
563;GLBMD;-0,57;TLMAN;4,66;EUYO;7.474.679;;;;;;;
564;ARFYE;-0,57;PKENT;4,66;EUKYO;7.399.728;;;;;;;
565;YIGIT;-0,59;EKGYO;4,66;IDGYO;7.293.750;;;;;;;
566;ODAS;-0,59;DITAS;4,74;KERVN;7.238.412;;;;;;;
567;RYGYO;-0,59;DSTKF;4,85;OYLUM;6.413.361;;;;;;;
568;KLSYN;-0,60;GIPTA;4,86;SEYKM;6.288.736;;;;;;;
569;GOKNR;-0,60;ISMEN;4,91;RODRG;6.222.149;;;;;;;
570;DOFRB;-0,64;CGCAM;4,99;SEKFK;6.078.796;;;;;;;
571;TKFEN;-0,65;KRVGD;5,00;PRZMA;6.004.390;;;;;;;
572;GRNYO;-0,68;BAKAB;5,08;SONME;5.997.187;;;;;;;
573;UCAYM;-0,71;TUCLK;5,12;BRMEN;5.989.384;;;;;;;
574;MACKO;-0,76;DYOBY;5,16;KLNMA;5.320.619;;;;;;;
575;SKYLP;-0,83;TURGG;5,20;KSTUR;4.947.275;;;;;;;
576;SODSN;-0,83;QNBFK;5,41;GRNYO;4.903.546;;;;;;;
577;SONME;-0,85;POLHO;5,46;MEGAP;4.809.825;;;;;;;
578;YAYLA;-0,86;BALAT;5,56;ISKUR;4.701.110;;;;;;;
579;ALKA;-0,93;ASELS;5,77;ISBTR;4.492.528;;;;;;;
580;BSOKE;-0,95;EGPRO;5,80;BALAT;4.338.593;;;;;;;
581;AYDEM;-0,97;GMTAS;5,89;IHEVA;4.327.901;;;;;;;
582;MARTI;-0,98;IMASM;5,93;AYES;4.287.425;;;;;;;
583;YYAPI;-0,99;EDATA;5,93;KRTEK;4.157.347;;;;;;;
584;GLRMK;-1,03;KBORU;6,09;AGYO;3.885.963;;;;;;;
585;BYDNR;-1,06;AGHOL;6,13;MMCAS;3.690.863;;;;;;;
586;ENDAE;-1,07;DAGI;6,17;MTRYO;3.642.044;;;;;;;
587;DERHL;-1,09;ADESE;6,32;KENT;3.334.679;;;;;;;
588;ERSU;-1,11;KOPOL;6,38;DGGYO;2.886.119;;;;;;;
589;KENT;-1,15;PSDTC;6,43;QNBFK;2.830.789;;;;;;;
590;GUBRF;-1,17;IHYAY;6,43;GLBMD;2.737.182;;;;;;;
591;ATLAS;-1,17;ISBTR;6,44;CMENT;2.679.842;;;;;;;
592;ARZUM;-1,17;GEREL;6,52;MZHLD;2.669.468;;;;;;;
593;OBAMS;-1,19;METRO;6,72;INTEK;2.631.507;;;;;;;
594;VRGYO;-1,21;SMRTG;6,80;ISBIR;2.510.956;;;;;;;
595;BURVA;-1,26;KGYO;6,82;YBTAS;2.470.704;;;;;;;
596;MRGYO;-1,27;BRMEN;6,92;ATAGY;2.084.985;;;;;;;
597;SAMAT;-1,28;SASA;6,94;CASA;1.911.241;;;;;;;
598;MEYSU;-1,34;LILAK;7,04;SNPAM;1.826.190;;;;;;;
599;AYGAZ;-1,35;HTTBT;7,38;EMNIS;1.590.488;;;;;;;
600;ZGYO;-1,44;SVGYO;7,52;DIRIT;1.558.305;;;;;;;
601;ULUUN;-1,50;AYCES;7,58;ATEKS;1.289.836;;;;;;;
602;ATSYH;-1,52;KAPLM;7,66;EKIZ;1.090.875;;;;;;;
603;RYSAS;-1,54;TCKRC;7,68;SUMAS;1.025.235;;;;;;;
604;KRDMD;-1,58;KUVVA;7,82;YONGA;983,392;;;;;;;
605;DGATE;-1,62;DUNYH;7,85;ORMA;864,481;;;;;;;
606;PEKGY;-1,65;ENKAI;7,86;ATSYH;853,364;;;;;;;
607;BAHKM;-1,65;ULUFA;7,87;SODSN;852,101;;;;;;;
608;BASGZ;-1,70;YYLGD;8,31;BASCM;760,273;;;;;;;
609;TEHOL;-1,73;MANAS;8,42;KERVT;0;;;;;;;
610;SELVA;-1,77;AEFES;8,43;QNBFL;0;;;;;;;
611;AVTUR;-1,85;KSTUR;9,02;QNBFB;0;;;;;;;
612;MERKO;-1,88;RALYH;9,16;KARYE;0;;;;;;;
613;CRFSA;-2,65;KLMSN;9,48;GRTRK;0;;;;;;;
614;FRIGO;-2,99;ESCAR;9,63;PEGYO;0;;;;;;;
615;HKTM;-3,02;ANELE;9,90;IZTAR;0;;;;;;;
616;EKIZ;-3,09;BORLS;9,92;DAGHL;0;;;;;;;
617;TRCAS;-3,31;CRDFA;9,92;UZERB;0;;;;;;;
618;ULAS;-3,33;BRKO;9,92;SNKRN;0;;;;;;;
619;SERNT;-3,54;TMPOL;9,93;PEHOL;0;;;;;;;
620;UFUK;-3,54;KTSKR;9,93;RHEAG;0;;;;;;;
621;CEOEM;-3,80;PATEK;9,94;METUR;0;;;;;;;
622;MARKA;-3,88;DGNMO;9,94;ITTFH;0;;;;;;;
623;MMCAS;-4,79;DOGUB;9,95;ROYAL;0;;;;;;;
624;YGGYO;-5,83;GRTHO;9,96;MIPAZ;0;;;;;;;
625;ENSRI;-5,88;SMRVA;9,97;IDEAS;0;;;;;;;
626;ISKUR;-5,96;OZATD;9,97;SERVE;0;;;;;;;
627;MOGAN;-7,83;SURGY;9,98;UMPAS;0;;;;;;;
628;MEKAG;-8,69;MCARD;9,98;TETMT;0;;;;;;;
629;EFOR;-9,95;ALKLC;9,99;YGYO;0;;;;;;;
630;ZERGY;-9,95;AAGYO;10,00;ALMAD;0;;;;;;;
631;ENPRA;-9,96;DMRGD;10,00;UTPYA;0;;;;;;;
632;RUBNS;-9,96;ATATR;10,00;ISATR;0;;;;;;;
633;BLCYT;-9,97;KONTR;10,00;OLMK;0;;;;;;;
